,GENE NAME,GENE ID
400,AFF1,ENSG00000172493
401,AFF2,ENSG00000155966
402,AFF3,ENSG00000144218
403,AFF4,ENSG00000072364
404,AFG1L,ENSG00000135537
405,AFG3L2,ENSG00000141385
406,AFM,ENSG00000079557
407,AFMID,ENSG00000183077
408,AFP,ENSG00000081051
409,AFTPH,ENSG00000119844
410,AGA,ENSG00000038002
411,AGAP1,ENSG00000157985
412,AGAP2,ENSG00000135439
413,AGAP3,ENSG00000133612
414,AGAP4,ENSG00000188234
415,AGAP5,ENSG00000172650
416,AGAP6,ENSG00000204149
417,AGAP9,ENSG00000204172
418,AGBL1,ENSG00000273540
419,AGBL2,ENSG00000165923
420,AGBL3,ENSG00000146856
421,AGBL4,ENSG00000186094
422,AGBL5,ENSG00000084693
423,AGER,ENSG00000204305
424,AGFG1,ENSG00000173744
425,AGFG2,ENSG00000106351
426,AGGF1,ENSG00000164252
427,AGK,ENSG00000006530
428,AGL,ENSG00000162688
429,AGMAT,ENSG00000116771
430,AGMO,ENSG00000187546
431,AGO1,ENSG00000092847
432,AGO2,ENSG00000123908
433,AGO3,ENSG00000126070
434,AGO4,ENSG00000134698
435,AGPAT1,ENSG00000204310
436,AGPAT2,ENSG00000169692
437,AGPAT3,ENSG00000160216
438,AGPAT4,ENSG00000026652
439,AGPAT5,ENSG00000155189
440,AGPS,ENSG00000018510
441,AGR2,ENSG00000106541
442,AGR3,ENSG00000173467
443,AGRN,ENSG00000188157
444,AGRP,ENSG00000159723
445,AGT,ENSG00000135744
446,AGTPBP1,ENSG00000135049
447,AGTR1,ENSG00000144891
448,AGTR2,ENSG00000180772
449,AGTRAP,ENSG00000177674
450,AGXT,ENSG00000172482
451,AGXT2,ENSG00000113492
452,AHCTF1,ENSG00000153207
453,AHCY,ENSG00000101444
454,AHCYL1,ENSG00000168710
455,AHCYL2,ENSG00000158467
456,AHDC1,ENSG00000126705
457,AHI1,ENSG00000135541
458,AHNAK,ENSG00000124942
459,AHNAK2,ENSG00000185567
460,AHR,ENSG00000106546
461,AHRR,ENSG00000063438
462,AHSA1,ENSG00000100591
463,AHSG,ENSG00000145192
464,AHSP,ENSG00000169877
465,AICDA,ENSG00000111732
466,AIDA,ENSG00000186063
467,AIF1,ENSG00000204472
468,AIF1L,ENSG00000126878
469,AIFM1,ENSG00000156709
470,AIFM2,ENSG00000042286
471,AIFM3,ENSG00000183773
472,AIG1,ENSG00000146416
473,AIM2,ENSG00000163568
474,AIMP1,ENSG00000164022
475,AIMP2,ENSG00000106305
476,AIP,ENSG00000110711
477,AIPL1,ENSG00000129221
478,AIRE,ENSG00000160224
479,AJAP1,ENSG00000196581
480,AJM1,ENSG00000232434
481,AJUBA,ENSG00000129474
482,AK1,ENSG00000106992
483,AK2,ENSG00000004455
484,AK3,ENSG00000147853
485,AK4,ENSG00000162433
486,AK5,ENSG00000154027
487,AK6,ENSG00000085231
488,AK7,ENSG00000140057
489,AK8,ENSG00000165695
490,AK9,ENSG00000155085
491,AKAIN1,ENSG00000231824
492,AKAP1,ENSG00000121057
493,AKAP3,ENSG00000111254
494,AKAP4,ENSG00000147081
495,AKAP5,ENSG00000179841
496,AKAP6,ENSG00000151320
497,AKAP7,ENSG00000118507
498,AKAP8,ENSG00000105127
499,AKAP8L,ENSG00000011243
500,AKAP9,ENSG00000127914
501,AKAP10,ENSG00000108599
502,AKAP11,ENSG00000023516
503,AKAP12,ENSG00000131016
504,AKAP13,ENSG00000170776
505,AKAP14,ENSG00000186471
506,AKAP17A,ENSG00000197976
507,AKIP1,ENSG00000166452
508,AKIRIN1,ENSG00000174574
509,AKIRIN2,ENSG00000135334
510,AKNA,ENSG00000106948
511,AKNAD1,ENSG00000162641
512,AKR1A1,ENSG00000117448
513,AKR1B1,ENSG00000085662
514,AKR1B10,ENSG00000198074
515,AKR1B15,ENSG00000227471
516,AKR1C1,ENSG00000187134
517,AKR1C2,ENSG00000151632
518,AKR1C3,ENSG00000196139
519,AKR1C4,ENSG00000198610
520,AKR1C8,ENSG00000264006
521,AKR1D1,ENSG00000122787
522,AKR1E2,ENSG00000165568
523,AKR7A2,ENSG00000053371
524,AKR7A3,ENSG00000162482
525,AKR7L,ENSG00000211454
526,AKT1,ENSG00000142208
527,AKT1S1,ENSG00000204673
528,AKT2,ENSG00000105221
529,AKT3,ENSG00000117020
530,AKTIP,ENSG00000166971
531,ALAD,ENSG00000148218
532,ALAS1,ENSG00000023330
533,ALAS2,ENSG00000158578
534,ALB,ENSG00000163631
535,ALCAM,ENSG00000170017
536,ALDH1A1,ENSG00000165092
537,ALDH1A2,ENSG00000128918
538,ALDH1A3,ENSG00000184254
539,ALDH1B1,ENSG00000137124
540,ALDH1L1,ENSG00000144908
541,ALDH1L2,ENSG00000136010
542,ALDH2,ENSG00000111275
543,ALDH3A1,ENSG00000108602
544,ALDH3A2,ENSG00000072210
545,ALDH3B1,ENSG00000006534
546,ALDH3B2,ENSG00000132746
547,ALDH4A1,ENSG00000159423
548,ALDH5A1,ENSG00000112294
549,ALDH6A1,ENSG00000119711
550,ALDH7A1,ENSG00000164904
551,ALDH8A1,ENSG00000118514
552,ALDH9A1,ENSG00000143149
553,ALDH16A1,ENSG00000161618
554,ALDH18A1,ENSG00000059573
555,ALDOA,ENSG00000149925
556,ALDOB,ENSG00000136872
557,ALDOC,ENSG00000109107
558,ALG1,ENSG00000033011
559,ALG1L2,ENSG00000251287
560,ALG2,ENSG00000119523
561,ALG3,ENSG00000214160
562,ALG5,ENSG00000120697
563,ALG6,ENSG00000088035
564,ALG8,ENSG00000159063
565,ALG9,ENSG00000086848
566,ALG10,ENSG00000139133
567,ALG10B,ENSG00000175548
568,ALG11,ENSG00000253710
569,ALG12,ENSG00000182858
570,ALG13,ENSG00000101901
571,ALG14,ENSG00000172339
572,ALK,ENSG00000171094
573,ALKAL1,ENSG00000196711
574,ALKAL2,ENSG00000189292
575,ALKBH1,ENSG00000100601
576,ALKBH2,ENSG00000189046
577,ALKBH3,ENSG00000166199
578,ALKBH4,ENSG00000160993
579,ALKBH5,ENSG00000091542
580,ALKBH6,ENSG00000239382
581,ALKBH7,ENSG00000125652
582,ALKBH8,ENSG00000137760
583,ALLC,ENSG00000151360
584,ALMS1,ENSG00000116127
585,ALOX5,ENSG00000012779
586,ALOX5AP,ENSG00000132965
587,ALOX12,ENSG00000108839
588,ALOX12B,ENSG00000179477
589,ALOX15,ENSG00000161905
590,ALOX15B,ENSG00000179593
591,ALOXE3,ENSG00000179148
592,ALPG,ENSG00000163286
593,ALPI,ENSG00000163295
594,ALPK1,ENSG00000073331
595,ALPK2,ENSG00000198796
596,ALPK3,ENSG00000136383
597,ALPL,ENSG00000162551
598,ALPP,ENSG00000163283
599,ALS2,ENSG00000003393
600,ALS2CL,ENSG00000178038
601,ALX1,ENSG00000180318
602,ALX3,ENSG00000156150
603,ALX4,ENSG00000052850
604,ALYREF,ENSG00000183684
605,AMACR,ENSG00000242110
606,AMBN,ENSG00000178522
607,AMBP,ENSG00000106927
608,AMBRA1,ENSG00000110497
609,AMD1,ENSG00000123505
610,AMDHD1,ENSG00000139344
611,AMDHD2,ENSG00000162066
612,AMELX,ENSG00000125363
613,AMELY,ENSG00000099721
614,AMER1,ENSG00000184675
615,AMER2,ENSG00000165566
616,AMER3,ENSG00000178171
617,AMFR,ENSG00000159461
618,AMH,ENSG00000104899
619,AMHR2,ENSG00000135409
620,AMIGO1,ENSG00000181754
621,AMIGO2,ENSG00000139211
622,AMIGO3,ENSG00000176020
623,AMMECR1,ENSG00000101935
624,AMMECR1L,ENSG00000144233
625,AMN,ENSG00000166126
626,AMN1,ENSG00000151743
627,AMOT,ENSG00000126016
628,AMOTL1,ENSG00000166025
629,AMOTL2,ENSG00000114019
630,AMPD1,ENSG00000116748
631,AMPD2,ENSG00000116337
632,AMPD3,ENSG00000133805
633,AMPH,ENSG00000078053
634,AMT,ENSG00000145020
635,AMTN,ENSG00000187689
636,AMY1A,ENSG00000237763
637,AMY1B,ENSG00000174876
638,AMY1C,ENSG00000187733
639,AMY2A,ENSG00000243480
640,AMY2B,ENSG00000240038
641,AMZ1,ENSG00000174945
642,AMZ2,ENSG00000196704
643,ANAPC1,ENSG00000153107
644,ANAPC2,ENSG00000176248
645,ANAPC4,ENSG00000053900
646,ANAPC5,ENSG00000089053
647,ANAPC7,ENSG00000196510
648,ANAPC10,ENSG00000164162
649,ANAPC11,ENSG00000141552
650,ANAPC13,ENSG00000129055
651,ANAPC15,ENSG00000110200
652,ANAPC16,ENSG00000166295
653,ANG,ENSG00000214274
654,ANGEL1,ENSG00000013523
655,ANGEL2,ENSG00000174606
656,ANGPT1,ENSG00000154188
657,ANGPT2,ENSG00000091879
658,ANGPT4,ENSG00000101280
659,ANGPTL1,ENSG00000116194
660,ANGPTL2,ENSG00000136859
661,ANGPTL3,ENSG00000132855
662,ANGPTL4,ENSG00000167772
663,ANGPTL5,ENSG00000187151
664,ANGPTL6,ENSG00000130812
665,ANGPTL7,ENSG00000171819
666,ANGPTL8,ENSG00000130173
667,ANHX,ENSG00000227059
668,ANK1,ENSG00000029534
669,ANK2,ENSG00000145362
670,ANK3,ENSG00000151150
671,ANKAR,ENSG00000151687
672,ANKDD1A,ENSG00000166839
673,ANKDD1B,ENSG00000189045
674,ANKEF1,ENSG00000132623
675,ANKFN1,ENSG00000153930
676,ANKFY1,ENSG00000185722
677,ANKH,ENSG00000154122
678,ANKHD1,ENSG00000131503
679,ANKIB1,ENSG00000001629
680,ANKK1,ENSG00000170209
681,ANKLE1,ENSG00000160117
682,ANKLE2,ENSG00000176915
683,ANKMY1,ENSG00000144504
684,ANKMY2,ENSG00000106524
685,ANKRA2,ENSG00000164331
686,ANKRD1,ENSG00000148677
687,ANKRD2,ENSG00000165887
688,ANKRD6,ENSG00000135299
689,ANKRD7,ENSG00000106013
690,ANKRD9,ENSG00000156381
691,ANKRD10,ENSG00000088448
692,ANKRD11,ENSG00000167522
693,ANKRD12,ENSG00000101745
694,ANKRD13A,ENSG00000076513
695,ANKRD13B,ENSG00000198720
696,ANKRD13C,ENSG00000118454
697,ANKRD13D,ENSG00000172932
698,ANKRD16,ENSG00000134461
699,ANKRD17,ENSG00000132466
700,ANKRD18A,ENSG00000180071
701,ANKRD18B,ENSG00000230453
702,ANKRD20A1,ENSG00000260691
703,ANKRD22,ENSG00000152766
704,ANKRD23,ENSG00000163126
705,ANKRD24,ENSG00000089847
706,ANKRD26,ENSG00000107890
707,ANKRD27,ENSG00000105186
708,ANKRD28,ENSG00000206560
709,ANKRD29,ENSG00000154065
710,ANKRD30A,ENSG00000148513
711,ANKRD30B,ENSG00000180777
712,ANKRD30BL,ENSG00000163046
713,ANKRD31,ENSG00000145700
714,ANKRD33,ENSG00000167612
715,ANKRD33B,ENSG00000164236
716,ANKRD34A,ENSG00000272031
717,ANKRD34B,ENSG00000189127
718,ANKRD34C,ENSG00000235711
719,ANKRD35,ENSG00000198483
720,ANKRD36,ENSG00000135976
721,ANKRD36B,ENSG00000196912
722,ANKRD36C,ENSG00000174501
723,ANKRD37,ENSG00000186352
724,ANKRD39,ENSG00000213337
725,ANKRD40,ENSG00000154945
726,ANKRD40CL,ENSG00000167117
727,ANKRD42,ENSG00000137494
728,ANKRD44,ENSG00000065413
729,ANKRD45,ENSG00000183831
730,ANKRD46,ENSG00000186106
731,ANKRD49,ENSG00000168876
732,ANKRD50,ENSG00000151458
733,ANKRD52,ENSG00000139645
734,ANKRD53,ENSG00000144031
735,ANKRD54,ENSG00000100124
736,ANKRD55,ENSG00000164512
737,ANKRD60,ENSG00000124227
738,ANKRD61,ENSG00000157999
739,ANKRD62,ENSG00000181626
740,ANKRD63,ENSG00000230778
741,ANKRD65,ENSG00000235098
742,ANKRD66,ENSG00000230062
743,ANKS1A,ENSG00000064999
744,ANKS1B,ENSG00000185046
745,ANKS3,ENSG00000168096
746,ANKS4B,ENSG00000175311
747,ANKS6,ENSG00000165138
748,ANKUB1,ENSG00000206199
749,ANKZF1,ENSG00000163516
750,ANLN,ENSG00000011426
751,ANO1,ENSG00000131620
752,ANO2,ENSG00000047617
753,ANO3,ENSG00000134343
754,ANO4,ENSG00000151572
755,ANO5,ENSG00000171714
756,ANO6,ENSG00000177119
757,ANO7,ENSG00000146205
758,ANO8,ENSG00000074855
759,ANO9,ENSG00000185101
760,ANO10,ENSG00000160746
761,ANOS1,ENSG00000011201
762,ANP32A,ENSG00000140350
763,ANP32B,ENSG00000136938
764,ANP32D,ENSG00000139223
765,ANP32E,ENSG00000143401
766,ANPEP,ENSG00000166825
767,ANTKMT,ENSG00000103254
768,ANTXR1,ENSG00000169604
769,ANTXR2,ENSG00000163297
770,ANTXRL,ENSG00000274209
771,ANXA1,ENSG00000135046
772,ANXA2,ENSG00000182718
773,ANXA2R,ENSG00000177721
774,ANXA3,ENSG00000138772
775,ANXA4,ENSG00000196975
776,ANXA5,ENSG00000164111
777,ANXA6,ENSG00000197043
778,ANXA7,ENSG00000138279
779,ANXA8,ENSG00000265190
780,ANXA8L1,ENSG00000264230
781,ANXA9,ENSG00000143412
782,ANXA10,ENSG00000109511
783,ANXA11,ENSG00000122359
784,ANXA13,ENSG00000104537
785,AOAH,ENSG00000136250
786,AOC1,ENSG00000002726
787,AOC2,ENSG00000131480
788,AOC3,ENSG00000131471
789,AOPEP,ENSG00000148120
790,AOX1,ENSG00000138356
791,AP1AR,ENSG00000138660
792,AP1B1,ENSG00000100280
793,AP1G1,ENSG00000166747
794,AP1G2,ENSG00000213983
795,AP1M1,ENSG00000072958
796,AP1M2,ENSG00000129354
797,AP1S1,ENSG00000106367
798,AP1S2,ENSG00000182287
799,AP1S3,ENSG00000152056
800,AP2A1,ENSG00000196961
801,AP2A2,ENSG00000183020
802,AP2B1,ENSG00000006125
803,AP2M1,ENSG00000161203
804,AP2S1,ENSG00000042753
805,AP3B1,ENSG00000132842
806,AP3B2,ENSG00000103723
807,AP3D1,ENSG00000065000
808,AP3M1,ENSG00000185009
809,AP3M2,ENSG00000070718
810,AP3S1,ENSG00000177879
811,AP3S2,ENSG00000157823
812,AP4B1,ENSG00000134262
813,AP4E1,ENSG00000081014
814,AP4M1,ENSG00000221838
815,AP4S1,ENSG00000100478
816,AP5B1,ENSG00000254470
817,AP5M1,ENSG00000053770
818,AP5S1,ENSG00000125843
819,AP5Z1,ENSG00000242802
820,APAF1,ENSG00000120868
821,APBA1,ENSG00000107282
822,APBA2,ENSG00000034053
823,APBA3,ENSG00000011132
824,APBB1,ENSG00000166313
825,APBB1IP,ENSG00000077420
826,APBB2,ENSG00000163697
827,APBB3,ENSG00000113108
828,APC,ENSG00000134982
829,APC2,ENSG00000115266
830,APCDD1,ENSG00000154856
831,APCDD1L,ENSG00000198768
832,APCS,ENSG00000132703
833,APEH,ENSG00000164062
834,APELA,ENSG00000248329
835,APEX1,ENSG00000100823
836,APEX2,ENSG00000169188
837,APH1A,ENSG00000117362
838,APH1B,ENSG00000138613
839,API5,ENSG00000166181
840,APIP,ENSG00000149089
841,APLF,ENSG00000169621
842,APLN,ENSG00000171388
843,APLNR,ENSG00000134817
844,APLP1,ENSG00000105290
845,APLP2,ENSG00000084234
846,APMAP,ENSG00000101474
847,APOA1,ENSG00000118137
848,APOA2,ENSG00000158874
849,APOA4,ENSG00000110244
850,APOA5,ENSG00000110243
851,APOB,ENSG00000084674
852,APOBEC1,ENSG00000111701
853,APOBEC2,ENSG00000124701
854,APOBEC3A,ENSG00000128383
855,APOBEC3B,ENSG00000179750
856,APOBEC3C,ENSG00000244509
857,APOBEC3D,ENSG00000243811
858,APOBEC3F,ENSG00000128394
859,APOBEC3G,ENSG00000239713
860,APOBEC3H,ENSG00000100298
861,APOBEC4,ENSG00000173627
862,APOBR,ENSG00000184730
863,APOC1,ENSG00000130208
864,APOC2,ENSG00000234906
865,APOC3,ENSG00000110245
866,APOC4,ENSG00000267467
867,APOD,ENSG00000189058
868,APOE,ENSG00000130203
869,APOF,ENSG00000175336
870,APOH,ENSG00000091583
871,APOL1,ENSG00000100342
872,APOL2,ENSG00000128335
873,APOL3,ENSG00000128284
874,APOL4,ENSG00000100336
875,APOL5,ENSG00000128313
876,APOL6,ENSG00000221963
877,APOLD1,ENSG00000178878
878,APOM,ENSG00000204444
879,APOO,ENSG00000184831
880,APOOL,ENSG00000155008
881,APP,ENSG00000142192
882,APPBP2,ENSG00000062725
883,APPL1,ENSG00000157500
884,APPL2,ENSG00000136044
885,APRT,ENSG00000198931
886,APTX,ENSG00000137074
887,AQP1,ENSG00000240583
888,AQP2,ENSG00000167580
889,AQP3,ENSG00000165272
890,AQP4,ENSG00000171885
891,AQP5,ENSG00000161798
892,AQP6,ENSG00000086159
893,AQP7,ENSG00000165269
894,AQP7B,ENSG00000259916
895,AQP8,ENSG00000103375
896,AQP9,ENSG00000103569
897,AQP10,ENSG00000143595
898,AQP11,ENSG00000178301
899,AQP12A,ENSG00000184945
900,AQP12B,ENSG00000185176
901,AQR,ENSG00000021776
902,AR,ENSG00000169083
903,ARAF,ENSG00000078061
904,ARAP1,ENSG00000186635
905,ARAP2,ENSG00000047365
906,ARAP3,ENSG00000120318
907,ARC,ENSG00000198576
908,ARCN1,ENSG00000095139
909,AREG,ENSG00000109321
910,AREL1,ENSG00000119682
911,ARF1,ENSG00000143761
912,ARF3,ENSG00000134287
913,ARF4,ENSG00000168374
914,ARF5,ENSG00000004059
915,ARF6,ENSG00000165527
916,ARFGAP1,ENSG00000101199
917,ARFGAP2,ENSG00000149182
918,ARFGAP3,ENSG00000242247
919,ARFGEF1,ENSG00000066777
920,ARFGEF2,ENSG00000124198
921,ARFGEF3,ENSG00000112379
922,ARFIP1,ENSG00000164144
923,ARFIP2,ENSG00000132254
924,ARFRP1,ENSG00000101246
925,ARG1,ENSG00000118520
926,ARG2,ENSG00000081181
927,ARGFX,ENSG00000186103
928,ARGLU1,ENSG00000134884
929,ARHGAP1,ENSG00000175220
930,ARHGAP4,ENSG00000089820
931,ARHGAP5,ENSG00000100852
932,ARHGAP6,ENSG00000047648
933,ARHGAP8,ENSG00000241484
934,ARHGAP9,ENSG00000123329
935,ARHGAP10,ENSG00000071205
936,ARHGAP11A,ENSG00000198826
937,ARHGAP11B,ENSG00000285077
938,ARHGAP12,ENSG00000165322
939,ARHGAP15,ENSG00000075884
940,ARHGAP17,ENSG00000140750
941,ARHGAP18,ENSG00000146376
942,ARHGAP19,ENSG00000213390
943,ARHGAP20,ENSG00000137727
944,ARHGAP21,ENSG00000107863
945,ARHGAP22,ENSG00000128805
946,ARHGAP23,ENSG00000275832
947,ARHGAP24,ENSG00000138639
948,ARHGAP25,ENSG00000163219
949,ARHGAP26,ENSG00000145819
950,ARHGAP27,ENSG00000159314
951,ARHGAP28,ENSG00000088756
952,ARHGAP29,ENSG00000137962
953,ARHGAP30,ENSG00000186517
954,ARHGAP31,ENSG00000031081
955,ARHGAP32,ENSG00000134909
956,ARHGAP33,ENSG00000004777
957,ARHGAP35,ENSG00000160007
958,ARHGAP36,ENSG00000147256
959,ARHGAP39,ENSG00000147799
960,ARHGAP40,ENSG00000124143
961,ARHGAP42,ENSG00000165895
962,ARHGAP44,ENSG00000006740
963,ARHGAP45,ENSG00000180448
964,ARHGDIA,ENSG00000141522
965,ARHGDIB,ENSG00000111348
966,ARHGDIG,ENSG00000242173
967,ARHGEF1,ENSG00000076928
968,ARHGEF2,ENSG00000116584
969,ARHGEF3,ENSG00000163947
970,ARHGEF4,ENSG00000136002
971,ARHGEF5,ENSG00000050327
972,ARHGEF6,ENSG00000129675
973,ARHGEF7,ENSG00000102606
974,ARHGEF9,ENSG00000131089
975,ARHGEF10,ENSG00000104728
976,ARHGEF10L,ENSG00000074964
977,ARHGEF11,ENSG00000132694
978,ARHGEF12,ENSG00000196914
979,ARHGEF15,ENSG00000198844
980,ARHGEF16,ENSG00000130762
981,ARHGEF17,ENSG00000110237
982,ARHGEF18,ENSG00000104880
983,ARHGEF19,ENSG00000142632
984,ARHGEF25,ENSG00000240771
985,ARHGEF26,ENSG00000114790
986,ARHGEF28,ENSG00000214944
987,ARHGEF33,ENSG00000214694
988,ARHGEF35,ENSG00000213214
989,ARHGEF37,ENSG00000183111
990,ARHGEF38,ENSG00000236699
991,ARHGEF39,ENSG00000137135
992,ARHGEF40,ENSG00000165801
993,ARID1A,ENSG00000117713
994,ARID1B,ENSG00000049618
995,ARID2,ENSG00000189079
996,ARID3A,ENSG00000116017
997,ARID3B,ENSG00000179361
998,ARID3C,ENSG00000205143
999,ARID4A,ENSG00000032219
1000,ARID4B,ENSG00000054267
1001,ARID5A,ENSG00000196843
1002,ARID5B,ENSG00000150347
1003,ARIH1,ENSG00000166233
1004,ARIH2,ENSG00000177479
1005,ARL1,ENSG00000120805
1006,ARL2,ENSG00000213465
1007,ARL2BP,ENSG00000102931
1008,ARL3,ENSG00000138175
1009,ARL4A,ENSG00000122644
1010,ARL4C,ENSG00000188042
1011,ARL4D,ENSG00000175906
1012,ARL5A,ENSG00000162980
1013,ARL5B,ENSG00000165997
1014,ARL5C,ENSG00000141748
1015,ARL6,ENSG00000113966
1016,ARL6IP1,ENSG00000170540
1017,ARL6IP4,ENSG00000182196
1018,ARL6IP5,ENSG00000144746
1019,ARL6IP6,ENSG00000177917
1020,ARL8A,ENSG00000143862
1021,ARL8B,ENSG00000134108
1022,ARL9,ENSG00000196503
1023,ARL10,ENSG00000175414
1024,ARL11,ENSG00000152213
1025,ARL13A,ENSG00000174225
1026,ARL13B,ENSG00000169379
1027,ARL14,ENSG00000179674
1028,ARL14EP,ENSG00000152219
1029,ARL14EPL,ENSG00000268223
1030,ARL15,ENSG00000185305
1031,ARL16,ENSG00000214087
1032,ARL17A,ENSG00000185829
1033,ARL17B,ENSG00000228696
1034,ARMC1,ENSG00000104442
1035,ARMC2,ENSG00000118690
1036,ARMC3,ENSG00000165309
1037,ARMC5,ENSG00000140691
1038,ARMC6,ENSG00000105676
1039,ARMC7,ENSG00000125449
1040,ARMC8,ENSG00000114098
1041,ARMC9,ENSG00000135931
1042,ARMC10,ENSG00000170632
1043,ARMC12,ENSG00000157343
1044,ARMCX1,ENSG00000126947
1045,ARMCX2,ENSG00000184867
1046,ARMCX3,ENSG00000102401
1047,ARMCX4,ENSG00000196440
1048,ARMCX5,ENSG00000125962
1049,ARMCX6,ENSG00000198960
1050,ARMH1,ENSG00000198520
1051,ARMH2,ENSG00000260286
1052,ARMH3,ENSG00000120029
1053,ARMH4,ENSG00000139971
1054,ARMS2,ENSG00000254636
1055,ARMT1,ENSG00000146476
1056,ARNT,ENSG00000143437
1057,ARNT2,ENSG00000172379
1058,ARPC1A,ENSG00000241685
1059,ARPC1B,ENSG00000130429
1060,ARPC2,ENSG00000163466
1061,ARPC3,ENSG00000111229
1062,ARPC4,ENSG00000241553
1063,ARPC5,ENSG00000162704
1064,ARPC5L,ENSG00000136950
1065,ARPIN,ENSG00000242498
1066,ARPP19,ENSG00000128989
1067,ARPP21,ENSG00000172995
1068,ARR3,ENSG00000120500
1069,ARRB1,ENSG00000137486
1070,ARRB2,ENSG00000141480
1071,ARRDC1,ENSG00000197070
1072,ARRDC2,ENSG00000105643
1073,ARRDC3,ENSG00000113369
1074,ARRDC4,ENSG00000140450
1075,ARRDC5,ENSG00000205784
1076,ARSA,ENSG00000100299
1077,ARSB,ENSG00000113273
1078,ARSD,ENSG00000006756
1079,ARSF,ENSG00000062096
1080,ARSG,ENSG00000141337
1081,ARSH,ENSG00000205667
1082,ARSI,ENSG00000183876
1083,ARSJ,ENSG00000180801
1084,ARSK,ENSG00000164291
1085,ARSL,ENSG00000157399
1086,ART1,ENSG00000129744
1087,ART3,ENSG00000156219
1088,ART4,ENSG00000111339
1089,ART5,ENSG00000167311
1090,ARTN,ENSG00000117407
1091,ARV1,ENSG00000173409
1092,ARVCF,ENSG00000099889
1093,ARX,ENSG00000004848
1094,AS3MT,ENSG00000214435
1095,ASAH1,ENSG00000104763
1096,ASAH2,ENSG00000188611
1097,ASAH2B,ENSG00000204147
1098,ASAP1,ENSG00000153317
1099,ASAP2,ENSG00000151693
1100,ASAP3,ENSG00000088280
1101,ASB1,ENSG00000065802
1102,ASB2,ENSG00000100628
1103,ASB3,ENSG00000115239
1104,ASB4,ENSG00000005981
1105,ASB5,ENSG00000164122
1106,ASB6,ENSG00000148331
1107,ASB7,ENSG00000183475
1108,ASB8,ENSG00000177981
1109,ASB9,ENSG00000102048
1110,ASB10,ENSG00000146926
1111,ASB11,ENSG00000165192
1112,ASB12,ENSG00000198881
1113,ASB13,ENSG00000196372
1114,ASB14,ENSG00000239388
1115,ASB15,ENSG00000146809
1116,ASB16,ENSG00000161664
1117,ASB17,ENSG00000154007
1118,ASB18,ENSG00000182177
1119,ASCC1,ENSG00000138303
1120,ASCC2,ENSG00000100325
1121,ASCC3,ENSG00000112249
1122,ASCL1,ENSG00000139352
1123,ASCL2,ENSG00000183734
1124,ASCL3,ENSG00000176009
1125,ASCL4,ENSG00000187855
1126,ASCL5,ENSG00000232237
1127,ASDURF,ENSG00000286053
1128,ASF1A,ENSG00000111875
1129,ASF1B,ENSG00000105011
1130,ASGR1,ENSG00000141505
1131,ASGR2,ENSG00000161944
1132,ASH1L,ENSG00000116539
1133,ASH2L,ENSG00000129691
1134,ASIC1,ENSG00000110881
1135,ASIC2,ENSG00000108684
1136,ASIC3,ENSG00000213199
1137,ASIC4,ENSG00000072182
1138,ASIC5,ENSG00000256394
1139,ASIP,ENSG00000101440
1140,ASL,ENSG00000126522
1141,ASMT,ENSG00000196433
1142,ASMTL,ENSG00000169093
1143,ASNS,ENSG00000070669
1144,ASNSD1,ENSG00000138381
1145,ASPA,ENSG00000108381
1146,ASPDH,ENSG00000204653
1147,ASPG,ENSG00000166183
1148,ASPH,ENSG00000198363
1149,ASPHD1,ENSG00000174939
1150,ASPHD2,ENSG00000128203
1151,ASPM,ENSG00000066279
1152,ASPN,ENSG00000106819
1153,ASPRV1,ENSG00000244617
1154,ASPSCR1,ENSG00000169696
1155,ASRGL1,ENSG00000162174
1156,ASS1,ENSG00000130707
1157,ASTE1,ENSG00000034533
1158,ASTL,ENSG00000188886
1159,ASTN1,ENSG00000152092
1160,ASTN2,ENSG00000148219
1161,ASXL1,ENSG00000171456
1162,ASXL2,ENSG00000143970
1163,ASXL3,ENSG00000141431
1164,ASZ1,ENSG00000154438
1165,ATAD1,ENSG00000138138
1166,ATAD2,ENSG00000156802
1167,ATAD2B,ENSG00000119778
1168,ATAD3A,ENSG00000197785
1169,ATAD3B,ENSG00000160072
1170,ATAD3C,ENSG00000215915
1171,ATAD5,ENSG00000176208
1172,ATAT1,ENSG00000137343
1173,ATCAY,ENSG00000167654
1174,ATE1,ENSG00000107669
1175,ATF1,ENSG00000123268
1176,ATF2,ENSG00000115966
1177,ATF3,ENSG00000162772
1178,ATF4,ENSG00000128272
1179,ATF5,ENSG00000169136
1180,ATF6,ENSG00000118217
1181,ATF6B,ENSG00000213676
1182,ATF7,ENSG00000170653
1183,ATF7IP,ENSG00000171681
1184,ATF7IP2,ENSG00000166669
1185,ATG2A,ENSG00000110046
1186,ATG2B,ENSG00000066739
1187,ATG3,ENSG00000144848
1188,ATG4A,ENSG00000101844
1189,ATG4B,ENSG00000168397
1190,ATG4C,ENSG00000125703
1191,ATG4D,ENSG00000130734
1192,ATG5,ENSG00000057663
1193,ATG7,ENSG00000197548
1194,ATG9A,ENSG00000198925
1195,ATG9B,ENSG00000181652
1196,ATG10,ENSG00000152348
1197,ATG12,ENSG00000145782
1198,ATG13,ENSG00000175224
1199,ATG14,ENSG00000126775
1200,ATG16L1,ENSG00000085978
1201,ATG16L2,ENSG00000168010
1202,ATG101,ENSG00000123395
1203,ATIC,ENSG00000138363
1204,ATL1,ENSG00000198513
1205,ATL2,ENSG00000119787
1206,ATL3,ENSG00000184743
1207,ATM,ENSG00000149311
1208,ATMIN,ENSG00000166454
1209,ATN1,ENSG00000111676
1210,ATOH1,ENSG00000172238
1211,ATOH7,ENSG00000179774
1212,ATOH8,ENSG00000168874
1213,ATOSA,ENSG00000047346
1214,ATOSB,ENSG00000005238
1215,ATOX1,ENSG00000177556
1216,ATP1A1,ENSG00000163399
1217,ATP1A2,ENSG00000018625
1218,ATP1A3,ENSG00000105409
1219,ATP1A4,ENSG00000132681
1220,ATP1B1,ENSG00000143153
1221,ATP1B2,ENSG00000129244
1222,ATP1B3,ENSG00000069849
1223,ATP1B4,ENSG00000101892
1224,ATP2A1,ENSG00000196296
1225,ATP2A2,ENSG00000174437
1226,ATP2A3,ENSG00000074370
1227,ATP2B1,ENSG00000070961
1228,ATP2B2,ENSG00000157087
1229,ATP2B3,ENSG00000067842
1230,ATP2B4,ENSG00000058668
1231,ATP2C1,ENSG00000017260
1232,ATP2C2,ENSG00000064270
1233,ATP4A,ENSG00000105675
1234,ATP4B,ENSG00000186009
1235,ATP5F1A,ENSG00000152234
1236,ATP5F1B,ENSG00000110955
1237,ATP5F1C,ENSG00000165629
1238,ATP5F1D,ENSG00000099624
1239,ATP5F1E,ENSG00000124172
1240,ATP5IF1,ENSG00000130770
1241,ATP5MC1,ENSG00000159199
1242,ATP5MC2,ENSG00000135390
1243,ATP5MC3,ENSG00000154518
1244,ATP5ME,ENSG00000169020
1245,ATP5MF,ENSG00000241468
1246,ATP5MG,ENSG00000167283
1247,ATP5MGL,ENSG00000249222
1248,ATP5MJ,ENSG00000156411
1249,ATP5MK,ENSG00000173915
1250,ATP5PB,ENSG00000116459
1251,ATP5PD,ENSG00000167863
1252,ATP5PF,ENSG00000154723
1253,ATP5PO,ENSG00000241837
1254,ATP6AP1,ENSG00000071553
1255,ATP6AP2,ENSG00000182220
1256,ATP6V1A,ENSG00000114573
1257,ATP6V1B1,ENSG00000116039
1258,ATP6V1B2,ENSG00000147416
1259,ATP6V1C1,ENSG00000155097
1260,ATP6V1C2,ENSG00000143882
1261,ATP6V1D,ENSG00000100554
1262,ATP6V1E1,ENSG00000131100
1263,ATP6V1E2,ENSG00000250565
1264,ATP6V1F,ENSG00000128524
1265,ATP6V1FNB,ENSG00000272899
1266,ATP6V1G1,ENSG00000136888
1267,ATP6V1G2,ENSG00000213760
1268,ATP6V1G3,ENSG00000151418
1269,ATP6V1H,ENSG00000047249
1270,ATP6V0A1,ENSG00000033627
1271,ATP6V0A2,ENSG00000185344
1272,ATP6V0A4,ENSG00000105929
1273,ATP6V0B,ENSG00000117410
1274,ATP6V0C,ENSG00000185883
1275,ATP6V0D1,ENSG00000159720
1276,ATP6V0D2,ENSG00000147614
1277,ATP6V0E1,ENSG00000113732
1278,ATP6V0E2,ENSG00000171130
1279,ATP7A,ENSG00000165240
1280,ATP7B,ENSG00000123191
1281,ATP8A1,ENSG00000124406
1282,ATP8A2,ENSG00000132932
1283,ATP8B1,ENSG00000081923
1284,ATP8B2,ENSG00000143515
1285,ATP8B3,ENSG00000130270
1286,ATP8B4,ENSG00000104043
1287,ATP9A,ENSG00000054793
1288,ATP9B,ENSG00000166377
1289,ATP10A,ENSG00000206190
1290,ATP10B,ENSG00000118322
1291,ATP10D,ENSG00000145246
1292,ATP11A,ENSG00000068650
1293,ATP11B,ENSG00000058063
1294,ATP11C,ENSG00000101974
1295,ATP12A,ENSG00000075673
1296,ATP13A1,ENSG00000105726
1297,ATP13A2,ENSG00000159363
1298,ATP13A3,ENSG00000133657
1299,ATP13A4,ENSG00000127249
1300,ATP13A5,ENSG00000187527
1301,ATP23,ENSG00000166896
1302,ATPAF1,ENSG00000123472
1303,ATPAF2,ENSG00000171953
1304,ATPSCKMT,ENSG00000150756
1305,ATR,ENSG00000175054
1306,ATRAID,ENSG00000138085
1307,ATRIP,ENSG00000164053
1308,ATRN,ENSG00000088812
1309,ATRNL1,ENSG00000107518
1310,ATRX,ENSG00000085224
1311,ATXN1,ENSG00000124788
1312,ATXN1L,ENSG00000224470
1313,ATXN2,ENSG00000204842
1314,ATXN2L,ENSG00000168488
1315,ATXN3,ENSG00000066427
1316,ATXN3L,ENSG00000123594
1317,ATXN7,ENSG00000163635
1318,ATXN7L1,ENSG00000146776
1319,ATXN7L2,ENSG00000162650
1320,ATXN7L3,ENSG00000087152
1321,ATXN7L3B,ENSG00000253719
1323,ATXN10,ENSG00000130638
1324,AUH,ENSG00000148090
1325,AUNIP,ENSG00000127423
1326,AUP1,ENSG00000115307
1327,AURKA,ENSG00000087586
1328,AURKAIP1,ENSG00000175756
1329,AURKB,ENSG00000178999
1330,AURKC,ENSG00000105146
1331,AUTS2,ENSG00000158321
1332,AVEN,ENSG00000169857
1333,AVIL,ENSG00000135407
1334,AVL9,ENSG00000105778
1335,AVP,ENSG00000101200
1336,AVPI1,ENSG00000119986
1337,AVPR1A,ENSG00000166148
1338,AVPR1B,ENSG00000198049
1339,AVPR2,ENSG00000126895
1340,AWAT1,ENSG00000204195
1341,AWAT2,ENSG00000147160
1342,AXDND1,ENSG00000162779
1343,AXIN1,ENSG00000103126
1344,AXIN2,ENSG00000168646
1345,AXL,ENSG00000167601
1346,AZGP1,ENSG00000160862
1347,AZI2,ENSG00000163512
1348,AZIN1,ENSG00000155096
1349,AZIN2,ENSG00000142920
1350,AZU1,ENSG00000172232
1351,B2M,ENSG00000166710
1352,B3GALNT1,ENSG00000169255
1353,B3GALNT2,ENSG00000162885
1354,B3GALT1,ENSG00000172318
1355,B3GALT2,ENSG00000162630
1356,B3GALT4,ENSG00000235863
1357,B3GALT5,ENSG00000183778
1358,B3GALT6,ENSG00000176022
1359,B3GALT9,ENSG00000214654
1360,B3GAT1,ENSG00000109956
1361,B3GAT2,ENSG00000112309
1362,B3GAT3,ENSG00000149541
1363,B3GLCT,ENSG00000187676
1364,B3GNT2,ENSG00000170340
1365,B3GNT3,ENSG00000179913
1366,B3GNT4,ENSG00000176383
1367,B3GNT5,ENSG00000176597
1368,B3GNT6,ENSG00000198488
1369,B3GNT7,ENSG00000156966
1370,B3GNT8,ENSG00000177191
1371,B3GNT9,ENSG00000237172
1372,B3GNTL1,ENSG00000175711
1373,B4GALNT1,ENSG00000135454
1374,B4GALNT2,ENSG00000167080
1375,B4GALNT3,ENSG00000139044
1376,B4GALNT4,ENSG00000182272
1377,B4GALT1,ENSG00000086062
1378,B4GALT2,ENSG00000117411
1379,B4GALT3,ENSG00000158850
1380,B4GALT4,ENSG00000121578
1381,B4GALT5,ENSG00000158470
1382,B4GALT6,ENSG00000118276
1383,B4GALT7,ENSG00000027847
1384,B4GAT1,ENSG00000174684
1385,B9D1,ENSG00000108641
1386,B9D2,ENSG00000123810
1387,BAALC,ENSG00000164929
1388,BAAT,ENSG00000136881
1389,BABAM1,ENSG00000105393
1390,BABAM2,ENSG00000158019
1391,BACE1,ENSG00000186318
1392,BACE2,ENSG00000182240
1393,BACH1,ENSG00000156273
1394,BACH2,ENSG00000112182
1395,BAD,ENSG00000002330
1396,BAG1,ENSG00000107262
1397,BAG2,ENSG00000112208
1398,BAG3,ENSG00000151929
1399,BAG4,ENSG00000156735
1400,BAG5,ENSG00000166170
1401,BAG6,ENSG00000204463
1405,BAHCC1,ENSG00000266074
1406,BAHD1,ENSG00000140320
1407,BAIAP2,ENSG00000175866
1408,BAIAP2L1,ENSG00000006453
1409,BAIAP2L2,ENSG00000128298
1410,BAIAP3,ENSG00000007516
1411,BAK1,ENSG00000030110
1412,BAMBI,ENSG00000095739
1413,BANF1,ENSG00000175334
1414,BANF2,ENSG00000125888
1415,BANK1,ENSG00000153064
1416,BANP,ENSG00000172530
1417,BAP1,ENSG00000163930
1418,BARD1,ENSG00000138376
1419,BARHL1,ENSG00000125492
1420,BARHL2,ENSG00000143032
1421,BARX1,ENSG00000131668
1422,BARX2,ENSG00000043039
1423,BASP1,ENSG00000176788
1424,BATF,ENSG00000156127
1425,BATF2,ENSG00000168062
1426,BATF3,ENSG00000123685
1427,BAX,ENSG00000087088
1428,BAZ1A,ENSG00000198604
1429,BAZ1B,ENSG00000009954
1430,BAZ2A,ENSG00000076108
1431,BAZ2B,ENSG00000123636
1432,BBC3,ENSG00000105327
1433,BBIP1,ENSG00000214413
1434,BBLN,ENSG00000171159
1435,BBOF1,ENSG00000119636
1436,BBOX1,ENSG00000129151
1437,BBS1,ENSG00000174483
1438,BBS2,ENSG00000125124
1439,BBS4,ENSG00000140463
1440,BBS5,ENSG00000163093
1441,BBS7,ENSG00000138686
1442,BBS9,ENSG00000122507
1443,BBS10,ENSG00000179941
1444,BBS12,ENSG00000181004
1445,BBX,ENSG00000114439
1446,BCAM,ENSG00000187244
1447,BCAN,ENSG00000132692
1448,BCAP29,ENSG00000075790
1449,BCAP31,ENSG00000185825
1450,BCAR1,ENSG00000050820
1451,BCAR3,ENSG00000137936
1452,BCAS1,ENSG00000064787
1453,BCAS2,ENSG00000116752
1454,BCAS3,ENSG00000141376
1455,BCAS4,ENSG00000124243
1456,BCAT1,ENSG00000060982
1457,BCAT2,ENSG00000105552
1458,BCCIP,ENSG00000107949
1459,BCDIN3D,ENSG00000186666
1460,BCHE,ENSG00000114200
1461,BCKDHA,ENSG00000248098
1462,BCKDHB,ENSG00000083123
1463,BCKDK,ENSG00000103507
1464,BCL2,ENSG00000171791
1465,BCL2A1,ENSG00000140379
1466,BCL2L1,ENSG00000171552
1467,BCL2L2,ENSG00000129473
1468,BCL2L10,ENSG00000137875
1469,BCL2L11,ENSG00000153094
1470,BCL2L12,ENSG00000126453
1471,BCL2L13,ENSG00000099968
1472,BCL2L14,ENSG00000121380
1473,BCL2L15,ENSG00000188761
1474,BCL3,ENSG00000069399
1475,BCL6,ENSG00000113916
1476,BCL6B,ENSG00000161940
1477,BCL7A,ENSG00000110987
1478,BCL7B,ENSG00000106635
1479,BCL7C,ENSG00000099385
1480,BCL9,ENSG00000116128
1481,BCL9L,ENSG00000186174
1482,BCL10,ENSG00000142867
1483,BCL11A,ENSG00000119866
1484,BCL11B,ENSG00000127152
1485,BCLAF1,ENSG00000029363
1486,BCLAF3,ENSG00000173681
1487,BCO1,ENSG00000135697
1488,BCO2,ENSG00000197580
1489,BCOR,ENSG00000183337
1490,BCORL1,ENSG00000085185
1491,BCR,ENSG00000186716
1492,BCS1L,ENSG00000074582
1493,BDH1,ENSG00000161267
1494,BDH2,ENSG00000164039
1495,BDKRB1,ENSG00000100739
1496,BDKRB2,ENSG00000168398
1497,BDNF,ENSG00000176697
1498,BDP1,ENSG00000145734
1499,BEAN1,ENSG00000166546
1500,BECN1,ENSG00000126581
1501,BECN2,ENSG00000196289
1502,BEGAIN,ENSG00000183092
1503,BEND2,ENSG00000177324
1504,BEND3,ENSG00000178409
1505,BEND4,ENSG00000188848
1506,BEND5,ENSG00000162373
1507,BEND6,ENSG00000151917
1508,BEND7,ENSG00000165626
1509,BEST1,ENSG00000167995
1510,BEST2,ENSG00000039987
1511,BEST3,ENSG00000127325
1512,BEST4,ENSG00000142959
1513,BET1,ENSG00000105829
1514,BET1L,ENSG00000177951
1515,BEX1,ENSG00000133169
1516,BEX2,ENSG00000133134
1517,BEX3,ENSG00000166681
1518,BEX4,ENSG00000102409
1519,BEX5,ENSG00000184515
1520,BFAR,ENSG00000103429
1521,BFSP1,ENSG00000125864
1522,BFSP2,ENSG00000170819
1523,BGLAP,ENSG00000242252
1524,BGN,ENSG00000182492
1525,BHLHA9,ENSG00000205899
1526,BHLHA15,ENSG00000180535
1527,BHLHE22,ENSG00000180828
1528,BHLHE23,ENSG00000125533
1529,BHLHE40,ENSG00000134107
1530,BHLHE41,ENSG00000123095
1531,BHMT,ENSG00000145692
1532,BHMT2,ENSG00000132840
1533,BICC1,ENSG00000122870
1534,BICD1,ENSG00000151746
1535,BICD2,ENSG00000185963
1536,BICDL1,ENSG00000135127
1537,BICDL2,ENSG00000162069
1538,BICRA,ENSG00000063169
1539,BICRAL,ENSG00000112624
1540,BID,ENSG00000015475
1541,BIK,ENSG00000100290
1542,BIN1,ENSG00000136717
1543,BIN2,ENSG00000110934
1544,BIN3,ENSG00000147439
1545,BIRC2,ENSG00000110330
1546,BIRC3,ENSG00000023445
1547,BIRC5,ENSG00000089685
1548,BIRC6,ENSG00000115760
1549,BIRC7,ENSG00000101197
1550,BIRC8,ENSG00000163098
1551,BIVM,ENSG00000134897
1552,BLACAT1,ENSG00000281406
1553,BLCAP,ENSG00000166619
1554,BLID,ENSG00000259571
1555,BLK,ENSG00000136573
1556,BLM,ENSG00000197299
1557,BLMH,ENSG00000108578
1558,BLNK,ENSG00000095585
1559,BLOC1S1,ENSG00000135441
1560,BLOC1S2,ENSG00000196072
1561,BLOC1S3,ENSG00000189114
1562,BLOC1S4,ENSG00000186222
1563,BLOC1S5,ENSG00000188428
1564,BLOC1S6,ENSG00000104164
1565,BLTP1,ENSG00000138688
1566,BLTP2,ENSG00000007202
1567,BLTP3A,ENSG00000065060
1568,BLTP3B,ENSG00000111647
1569,BLVRA,ENSG00000106605
1570,BLVRB,ENSG00000090013
1571,BLZF1,ENSG00000117475
1572,BMAL1,ENSG00000133794
1573,BMAL2,ENSG00000029153
1574,BMERB1,ENSG00000166780
1575,BMF,ENSG00000104081
1576,BMI1,ENSG00000168283
1577,BMP1,ENSG00000168487
1578,BMP2,ENSG00000125845
1579,BMP2K,ENSG00000138756
1580,BMP3,ENSG00000152785
1581,BMP4,ENSG00000125378
1582,BMP5,ENSG00000112175
1583,BMP6,ENSG00000153162
1584,BMP7,ENSG00000101144
1585,BMP8A,ENSG00000183682
1586,BMP8B,ENSG00000116985
1587,BMP10,ENSG00000163217
1588,BMP15,ENSG00000130385
1589,BMPER,ENSG00000164619
1590,BMPR1A,ENSG00000107779
1591,BMPR1B,ENSG00000138696
1592,BMPR2,ENSG00000204217
1593,BMS1,ENSG00000165733
1594,BMT2,ENSG00000164603
1595,BMX,ENSG00000102010
1596,BNC1,ENSG00000169594
1597,BNC2,ENSG00000173068
1598,BNIP1,ENSG00000113734
1599,BNIP2,ENSG00000140299
1600,BNIP3,ENSG00000176171
1601,BNIP3L,ENSG00000104765
1602,BNIP5,ENSG00000189325
1603,BNIPL,ENSG00000163141
1604,BOC,ENSG00000144857
1605,BOD1,ENSG00000145919
1606,BOD1L1,ENSG00000038219
1607,BOD1L2,ENSG00000228075
1608,BOK,ENSG00000176720
1609,BOLA1,ENSG00000178096
1610,BOLA2,ENSG00000183336
1611,BOLA2B,ENSG00000169627
1612,BOLA3,ENSG00000163170
1613,BOLL,ENSG00000152430
1614,BOP1,ENSG00000261236
1615,BORA,ENSG00000136122
1616,BORCS5,ENSG00000165714
1617,BORCS6,ENSG00000196544
1618,BORCS7,ENSG00000166275
1619,BORCS8,ENSG00000254901
1620,BPGM,ENSG00000172331
1621,BPHL,ENSG00000137274
1622,BPI,ENSG00000101425
1623,BPIFA1,ENSG00000198183
1624,BPIFA2,ENSG00000131050
1625,BPIFA3,ENSG00000131059
1626,BPIFB1,ENSG00000125999
1627,BPIFB2,ENSG00000078898
1628,BPIFB3,ENSG00000186190
1629,BPIFB4,ENSG00000186191
1630,BPIFB6,ENSG00000167104
1631,BPIFC,ENSG00000184459
1632,BPNT1,ENSG00000162813
1633,BPNT2,ENSG00000104331
1634,BPTF,ENSG00000171634
1635,BPY2,ENSG00000183753
1636,BPY2B,ENSG00000183795
1637,BPY2C,ENSG00000185894
1638,BRAF,ENSG00000157764
1639,BRAP,ENSG00000089234
1640,BRAT1,ENSG00000106009
1641,BRCA1,ENSG00000012048
1642,BRCA2,ENSG00000139618
1643,BRCC3,ENSG00000185515
1644,BRD1,ENSG00000100425
1645,BRD2,ENSG00000204256
1646,BRD3,ENSG00000169925
1647,BRD3OS,ENSG00000235106
1648,BRD4,ENSG00000141867
1649,BRD7,ENSG00000166164
1650,BRD8,ENSG00000112983
1651,BRD9,ENSG00000028310
1652,BRDT,ENSG00000137948
1653,BRF1,ENSG00000185024
1654,BRF2,ENSG00000104221
1655,BRI3,ENSG00000164713
1656,BRI3BP,ENSG00000184992
1657,BRICD5,ENSG00000182685
1658,BRINP1,ENSG00000078725
1659,BRINP2,ENSG00000198797
1660,BRINP3,ENSG00000162670
1661,BRIP1,ENSG00000136492
1662,BRIX1,ENSG00000113460
1663,BRK1,ENSG00000254999
1664,BRME1,ENSG00000132016
1665,BRMS1,ENSG00000174744
1666,BRMS1L,ENSG00000100916
1667,BROX,ENSG00000162819
1668,BRPF1,ENSG00000156983
1669,BRPF3,ENSG00000096070
1670,BRS3,ENSG00000102239
1671,BRSK1,ENSG00000160469
1672,BRSK2,ENSG00000174672
1673,BRWD1,ENSG00000185658
1674,BRWD3,ENSG00000165288
1675,BSCL2,ENSG00000168000
1676,BSDC1,ENSG00000160058
1677,BSG,ENSG00000172270
1678,BSN,ENSG00000164061
1679,BSND,ENSG00000162399
1680,BSPH1,ENSG00000188334
1681,BSPRY,ENSG00000119411
1682,BST1,ENSG00000109743
1683,BST2,ENSG00000130303
1684,BSX,ENSG00000188909
1685,BTAF1,ENSG00000095564
1686,BTBD1,ENSG00000064726
1687,BTBD2,ENSG00000133243
1688,BTBD3,ENSG00000132640
1689,BTBD6,ENSG00000184887
1690,BTBD7,ENSG00000011114
1691,BTBD8,ENSG00000189195
1692,BTBD9,ENSG00000183826
1693,BTBD10,ENSG00000148925
1694,BTBD16,ENSG00000138152
1695,BTBD17,ENSG00000204347
1696,BTBD18,ENSG00000233436
1697,BTBD19,ENSG00000222009
1698,BTC,ENSG00000174808
1699,BTD,ENSG00000169814
1700,BTF3,ENSG00000145741
1701,BTF3L4,ENSG00000134717
1702,BTG1,ENSG00000133639
1703,BTG2,ENSG00000159388
1704,BTG3,ENSG00000154640
1705,BTG4,ENSG00000137707
1706,BTK,ENSG00000010671
1707,BTLA,ENSG00000186265
1708,BTN1A1,ENSG00000124557
1709,BTN2A1,ENSG00000112763
1710,BTN2A2,ENSG00000124508
1711,BTN3A1,ENSG00000026950
1712,BTN3A2,ENSG00000186470
1713,BTN3A3,ENSG00000111801
1714,BTNL2,ENSG00000204290
1715,BTNL3,ENSG00000168903
1716,BTNL8,ENSG00000113303
1717,BTNL9,ENSG00000165810
1718,BTRC,ENSG00000166167
1719,BUB1,ENSG00000169679
1720,BUB1B,ENSG00000156970
1721,BUB3,ENSG00000154473
1722,BUD13,ENSG00000137656
1723,BUD23,ENSG00000071462
1724,BUD31,ENSG00000106245
1725,BVES,ENSG00000112276
1726,BYSL,ENSG00000112578
1727,BZW1,ENSG00000082153
1728,BZW2,ENSG00000136261
1729,C1D,ENSG00000197223
1730,C1GALT1,ENSG00000106392
1731,C1GALT1C1,ENSG00000171155
1732,C1GALT1C1L,ENSG00000223658
1733,C1orf21,ENSG00000116667
1734,C1orf35,ENSG00000143793
1735,C1orf43,ENSG00000143612
1736,C1orf50,ENSG00000164008
1737,C1orf52,ENSG00000162642
1738,C1orf53,ENSG00000203724
1739,C1orf54,ENSG00000118292
1740,C1orf56,ENSG00000143443
1741,C1orf68,ENSG00000198854
1742,C1orf74,ENSG00000162757
1743,C1orf87,ENSG00000162598
1744,C1orf94,ENSG00000142698
1745,C1orf100,ENSG00000173728
1746,C1orf105,ENSG00000180999
1747,C1orf109,ENSG00000116922
1748,C1orf112,ENSG00000000460
1749,C1orf115,ENSG00000162817
1750,C1orf116,ENSG00000182795
1751,C1orf122,ENSG00000197982
1752,C1orf127,ENSG00000175262
1753,C1orf131,ENSG00000143633
1754,C1orf141,ENSG00000203963
1755,C1orf146,ENSG00000203910
1756,C1orf159,ENSG00000131591
1757,C1orf162,ENSG00000143110
1758,C1orf167,ENSG00000215910
1759,C1orf174,ENSG00000198912
1760,C1orf185,ENSG00000204006
1761,C1orf198,ENSG00000119280
1762,C1orf210,ENSG00000253313
1763,C1orf216,ENSG00000142686
1764,C1orf226,ENSG00000239887
1765,C1orf232,ENSG00000282872
1766,C1QA,ENSG00000173372
1767,C1QB,ENSG00000173369
1768,C1QBP,ENSG00000108561
1769,C1QC,ENSG00000159189
1770,C1QL1,ENSG00000131094
1771,C1QL2,ENSG00000144119
1772,C1QL3,ENSG00000165985
1773,C1QL4,ENSG00000186897
1774,C1QTNF1,ENSG00000173918
1775,C1QTNF2,ENSG00000145861
1776,C1QTNF3,ENSG00000082196
1777,C1QTNF4,ENSG00000172247
1778,C1QTNF5,ENSG00000223953
1779,C1QTNF6,ENSG00000133466
1780,C1QTNF7,ENSG00000163145
1781,C1QTNF8,ENSG00000184471
1782,C1QTNF9,ENSG00000240654
1783,C1QTNF9B,ENSG00000205863
1784,C1QTNF12,ENSG00000184163
1785,C1R,ENSG00000159403
1786,C1RL,ENSG00000139178
1787,C1S,ENSG00000182326
1788,C2,ENSG00000166278
1789,C2CD2,ENSG00000157617
1790,C2CD2L,ENSG00000172375
1791,C2CD3,ENSG00000168014
1792,C2CD4A,ENSG00000198535
1793,C2CD4B,ENSG00000205502
1794,C2CD4C,ENSG00000183186
1795,C2CD4D,ENSG00000225556
1796,C2CD5,ENSG00000111731
1797,C2CD6,ENSG00000155754
1798,C2orf15,ENSG00000273045
1799,C2orf16,ENSG00000221843
1800,C2orf42,ENSG00000115998
1801,C2orf49,ENSG00000135974
1802,C2orf50,ENSG00000150873
1803,C2orf66,ENSG00000187944
1804,C2orf68,ENSG00000168887
1805,C2orf69,ENSG00000178074
1806,C2orf72,ENSG00000204128
1807,C2orf73,ENSG00000177994
1808,C2orf74,ENSG00000237651
1809,C2orf76,ENSG00000186132
1810,C2orf78,ENSG00000187833
1811,C2orf80,ENSG00000188674
1812,C2orf81,ENSG00000284308
1813,C2orf83,ENSG00000042304
1814,C2orf88,ENSG00000187699
1815,C2orf92,ENSG00000228486
1816,C3,ENSG00000125730
1817,C3AR1,ENSG00000171860
1818,C3orf14,ENSG00000114405
1819,C3orf18,ENSG00000088543
1820,C3orf20,ENSG00000131379
1821,C3orf22,ENSG00000180697
1822,C3orf33,ENSG00000174928
1823,C3orf38,ENSG00000179021
1824,C3orf49,ENSG00000163632
1825,C3orf52,ENSG00000114529
1826,C3orf62,ENSG00000188315
1827,C3orf70,ENSG00000187068
1828,C3orf80,ENSG00000180044
1829,C3orf84,ENSG00000236980
1830,C3orf85,ENSG00000241224
1831,C4A,ENSG00000244731
1832,C4B,ENSG00000224389
1833,C4BPA,ENSG00000123838
1834,C4BPB,ENSG00000123843
1835,C4orf3,ENSG00000164096
1836,C4orf17,ENSG00000138813
1837,C4orf19,ENSG00000154274
1838,C4orf33,ENSG00000151470
1839,C4orf36,ENSG00000163633
1840,C4orf45,ENSG00000164123
1841,C4orf46,ENSG00000205208
1842,C4orf47,ENSG00000205129
1843,C4orf48,ENSG00000243449
1844,C4orf50,ENSG00000181215
1845,C4orf51,ENSG00000237136
1846,C4orf54,ENSG00000248713
1847,C5,ENSG00000106804
1848,C5AR1,ENSG00000197405
1849,C5AR2,ENSG00000134830
1850,C5orf15,ENSG00000113583
1851,C5orf22,ENSG00000082213
1852,C5orf24,ENSG00000181904
1853,C5orf34,ENSG00000172244
1854,C5orf46,ENSG00000178776
1855,C5orf47,ENSG00000185056
1856,C5orf52,ENSG00000187658
1857,C5orf58,ENSG00000234511
1858,C5orf60,ENSG00000204661
1859,C5orf63,ENSG00000164241
1860,C6,ENSG00000039537
1861,C6orf15,ENSG00000204542
1862,C6orf47,ENSG00000204439
1863,C6orf52,ENSG00000137434
1864,C6orf58,ENSG00000184530
1865,C6orf62,ENSG00000112308
1866,C6orf89,ENSG00000198663
1867,C6orf118,ENSG00000112539
1868,C6orf120,ENSG00000185127
1869,C6orf132,ENSG00000188112
1870,C6orf136,ENSG00000204564
1871,C6orf141,ENSG00000197261
1872,C6orf163,ENSG00000203872
1873,C6orf226,ENSG00000221821
1874,C7,ENSG00000112936
1875,C7orf25,ENSG00000136197
1876,C7orf31,ENSG00000153790
1877,C7orf33,ENSG00000170279
1878,C7orf50,ENSG00000146540
1879,C7orf57,ENSG00000164746
1880,C8A,ENSG00000157131
1881,C8B,ENSG00000021852
1882,C8G,ENSG00000176919
1883,C8orf33,ENSG00000182307
1884,C8orf34,ENSG00000165084
1885,C8orf48,ENSG00000164743
1886,C8orf58,ENSG00000241852
1887,C8orf74,ENSG00000171060
1888,C8orf76,ENSG00000189376
1889,C8orf82,ENSG00000213563
1890,C8orf88,ENSG00000253250
1891,C8orf89,ENSG00000274443
1892,C8orf90,ENSG00000226490
1893,C9,ENSG00000113600
1894,C9orf24,ENSG00000164972
1895,C9orf40,ENSG00000135045
1896,C9orf43,ENSG00000157653
1897,C9orf50,ENSG00000179058
1898,C9orf57,ENSG00000204669
1899,C9orf64,ENSG00000165118
1900,C9orf72,ENSG00000147894
1901,C9orf78,ENSG00000136819
1902,C9orf85,ENSG00000155621
1903,C9orf131,ENSG00000174038
1904,C9orf152,ENSG00000188959
1905,C9orf153,ENSG00000187753
1906,C10orf53,ENSG00000178645
1907,C10orf62,ENSG00000203942
1908,C10orf67,ENSG00000179133
1909,C10orf71,ENSG00000177354
1910,C10orf82,ENSG00000165863
1911,C10orf88,ENSG00000119965
1912,C10orf90,ENSG00000154493
1913,C10orf95,ENSG00000120055
1914,C10orf105,ENSG00000214688
1915,C10orf120,ENSG00000183559
1917,C10orf143,ENSG00000237489
1918,C11orf16,ENSG00000176029
1919,C11orf21,ENSG00000110665
1920,C11orf24,ENSG00000171067
1921,C11orf42,ENSG00000180878
1922,C11orf52,ENSG00000149300
1923,C11orf54,ENSG00000182919
1924,C11orf58,ENSG00000110696
1925,C11orf65,ENSG00000166323
1926,C11orf68,ENSG00000175573
1927,C11orf71,ENSG00000180425
1928,C11orf80,ENSG00000173715
1929,C11orf86,ENSG00000173237
1930,C11orf87,ENSG00000185742
1931,C11orf91,ENSG00000205177
1932,C11orf96,ENSG00000187479
1933,C11orf97,ENSG00000257057
1934,C11orf98,ENSG00000278615
1935,C12orf4,ENSG00000047621
1936,C12orf29,ENSG00000133641
1937,C12orf40,ENSG00000180116
1938,C12orf42,ENSG00000179088
1939,C12orf43,ENSG00000157895
1940,C12orf50,ENSG00000165805
1941,C12orf54,ENSG00000177627
1942,C12orf56,ENSG00000185306
1943,C12orf57,ENSG00000111678
1944,C12orf60,ENSG00000182993
1945,C12orf71,ENSG00000214700
1946,C12orf75,ENSG00000235162
1947,C12orf76,ENSG00000174456
1948,C13orf42,ENSG00000226792
1949,C13orf46,ENSG00000283199
1950,C14orf28,ENSG00000179476
1951,C14orf39,ENSG00000179008
1952,C14orf93,ENSG00000100802
1953,C14orf119,ENSG00000179933
1954,C14orf132,ENSG00000227051
1955,C14orf178,ENSG00000197734
1956,C14orf180,ENSG00000184601
1957,C15orf39,ENSG00000167173
1958,C15orf40,ENSG00000169609
1959,C15orf48,ENSG00000166920
1960,C15orf61,ENSG00000189227
1961,C15orf62,ENSG00000188277
1962,C16orf46,ENSG00000166455
1963,C16orf54,ENSG00000185905
1964,C16orf74,ENSG00000154102
1965,C16orf78,ENSG00000166152
1966,C16orf82,ENSG00000234186
1967,C16orf86,ENSG00000159761
1968,C16orf87,ENSG00000155330
1969,C16orf89,ENSG00000153446
1970,C16orf90,ENSG00000215131
1971,C16orf92,ENSG00000167194
1972,C16orf95,ENSG00000260456
1973,C16orf96,ENSG00000205832
1974,C17orf49,ENSG00000258315
1975,C17orf50,ENSG00000270806
1976,C17orf58,ENSG00000186665
1977,C17orf67,ENSG00000214226
1978,C17orf75,ENSG00000108666
1979,C17orf78,ENSG00000278505
1980,C17orf80,ENSG00000141219
1981,C17orf97,ENSG00000187624
1982,C17orf98,ENSG00000275489
1983,C17orf99,ENSG00000187997
1984,C17orf100,ENSG00000256806
1985,C17orf107,ENSG00000205710
1986,C17orf113,ENSG00000267221
1987,C17orf114,ENSG00000262165
1988,C18orf21,ENSG00000141428
1989,C18orf25,ENSG00000152242
1990,C18orf32,ENSG00000177576
1991,C18orf54,ENSG00000166845
1992,C18orf63,ENSG00000206043
1993,C19orf12,ENSG00000131943
1994,C19orf18,ENSG00000177025
1995,C19orf25,ENSG00000119559
1996,C19orf33,ENSG00000167644
1997,C19orf38,ENSG00000214212
1998,C19orf44,ENSG00000105072
1999,C19orf47,ENSG00000160392
2000,C19orf53,ENSG00000104979
2001,C19orf67,ENSG00000188032
2002,C19orf73,ENSG00000221916
2003,C19orf81,ENSG00000235034
2004,C19orf84,ENSG00000262874
2005,C19orf85,ENSG00000283567
2006,C20orf27,ENSG00000101220
2007,C20orf85,ENSG00000124237
2008,C20orf96,ENSG00000196476
2009,C20orf141,ENSG00000258713
2010,C20orf144,ENSG00000149609
2011,C20orf173,ENSG00000125975
2012,C20orf202,ENSG00000215595
2013,C20orf203,ENSG00000198547
2014,C20orf204,ENSG00000196421
2015,C21orf58,ENSG00000160298
2016,C21orf62,ENSG00000205929
2017,C21orf91,ENSG00000154642
2018,C21orf140,ENSG00000222018
2019,C22orf15,ENSG00000169314
2020,C22orf23,ENSG00000128346
2021,C22orf31,ENSG00000100249
2022,C22orf39,ENSG00000242259
2023,C22orf42,ENSG00000205856
2024,CA1,ENSG00000133742
2025,CA2,ENSG00000104267
2026,CA3,ENSG00000164879
2027,CA4,ENSG00000167434
2028,CA5A,ENSG00000174990
2029,CA5B,ENSG00000169239
2030,CA6,ENSG00000131686
2031,CA7,ENSG00000168748
2032,CA8,ENSG00000178538
2033,CA9,ENSG00000107159
2034,CA10,ENSG00000154975
2035,CA11,ENSG00000063180
2036,CA12,ENSG00000074410
2037,CA13,ENSG00000185015
2038,CA14,ENSG00000118298
2039,CAAP1,ENSG00000120159
2040,CAB39,ENSG00000135932
2041,CAB39L,ENSG00000102547
2042,CABCOCO1,ENSG00000183346
2043,CABIN1,ENSG00000099991
2044,CABLES1,ENSG00000134508
2045,CABLES2,ENSG00000149679
2046,CABP1,ENSG00000157782
2047,CABP2,ENSG00000167791
2048,CABP4,ENSG00000175544
2049,CABP5,ENSG00000105507
2050,CABP7,ENSG00000100314
2051,CABS1,ENSG00000145309
2052,CABYR,ENSG00000154040
2053,CACFD1,ENSG00000160325
2054,CACHD1,ENSG00000158966
2055,CACNA1A,ENSG00000141837
2056,CACNA1B,ENSG00000148408
2057,CACNA1C,ENSG00000151067
2058,CACNA1D,ENSG00000157388
2059,CACNA1E,ENSG00000198216
2060,CACNA1F,ENSG00000102001
2061,CACNA1G,ENSG00000006283
2062,CACNA1H,ENSG00000196557
2063,CACNA1I,ENSG00000100346
2064,CACNA1S,ENSG00000081248
2065,CACNA2D1,ENSG00000153956
2066,CACNA2D2,ENSG00000007402
2067,CACNA2D3,ENSG00000157445
2068,CACNA2D4,ENSG00000151062
2069,CACNB1,ENSG00000067191
2070,CACNB2,ENSG00000165995
2071,CACNB3,ENSG00000167535
2072,CACNB4,ENSG00000182389
2073,CACNG1,ENSG00000108878
2074,CACNG2,ENSG00000166862
2075,CACNG3,ENSG00000006116
2076,CACNG4,ENSG00000075461
2077,CACNG5,ENSG00000075429
2078,CACNG6,ENSG00000130433
2079,CACNG7,ENSG00000105605
2080,CACNG8,ENSG00000142408
2081,CACTIN,ENSG00000105298
2082,CACUL1,ENSG00000151893
2083,CACYBP,ENSG00000116161
2084,CAD,ENSG00000084774
2085,CADM1,ENSG00000182985
2086,CADM2,ENSG00000175161
2087,CADM3,ENSG00000162706
2088,CADM4,ENSG00000105767
2089,CADPS,ENSG00000163618
2090,CADPS2,ENSG00000081803
2091,CAGE1,ENSG00000164304
2092,CALB1,ENSG00000104327
2093,CALB2,ENSG00000172137
2094,CALCA,ENSG00000110680
2095,CALCB,ENSG00000175868
2096,CALCOCO1,ENSG00000012822
2097,CALCOCO2,ENSG00000136436
2098,CALCR,ENSG00000004948
2099,CALCRL,ENSG00000064989
2100,CALD1,ENSG00000122786
2101,CALHM1,ENSG00000185933
2102,CALHM2,ENSG00000138172
2103,CALHM3,ENSG00000183128
2104,CALHM4,ENSG00000164451
2105,CALHM5,ENSG00000178033
2106,CALHM6,ENSG00000188820
2107,CALM1,ENSG00000198668
2108,CALM2,ENSG00000143933
2109,CALM3,ENSG00000160014
2110,CALML3,ENSG00000178363
2111,CALML4,ENSG00000129007
2112,CALML5,ENSG00000178372
2113,CALML6,ENSG00000169885
2114,CALN1,ENSG00000183166
2115,CALR,ENSG00000179218
2116,CALR3,ENSG00000269058
2117,CALU,ENSG00000128595
2118,CALY,ENSG00000130643
2119,CAMK1,ENSG00000134072
2120,CAMK1D,ENSG00000183049
2121,CAMK1G,ENSG00000008118
2122,CAMK2A,ENSG00000070808
2123,CAMK2B,ENSG00000058404
2124,CAMK2D,ENSG00000145349
2125,CAMK2G,ENSG00000148660
2126,CAMK2N1,ENSG00000162545
2127,CAMK2N2,ENSG00000163888
2128,CAMK4,ENSG00000152495
2129,CAMKK1,ENSG00000004660
2130,CAMKK2,ENSG00000110931
2131,CAMKMT,ENSG00000143919
2132,CAMKV,ENSG00000164076
2133,CAMLG,ENSG00000164615
2134,CAMP,ENSG00000164047
2135,CAMSAP1,ENSG00000130559
2136,CAMSAP2,ENSG00000118200
2137,CAMSAP3,ENSG00000076826
2138,CAMTA1,ENSG00000171735
2139,CAMTA2,ENSG00000108509
2140,CAND1,ENSG00000111530
2141,CAND2,ENSG00000144712
2142,CANT1,ENSG00000171302
2143,CANX,ENSG00000127022
2144,CAP1,ENSG00000131236
2145,CAP2,ENSG00000112186
2146,CAPG,ENSG00000042493
2147,CAPN1,ENSG00000014216
2148,CAPN2,ENSG00000162909
2149,CAPN3,ENSG00000092529
2150,CAPN5,ENSG00000149260
2151,CAPN6,ENSG00000077274
2152,CAPN7,ENSG00000131375
2153,CAPN8,ENSG00000203697
2154,CAPN9,ENSG00000135773
2155,CAPN10,ENSG00000142330
2156,CAPN11,ENSG00000137225
2157,CAPN12,ENSG00000182472
2158,CAPN13,ENSG00000162949
2159,CAPN14,ENSG00000214711
2160,CAPN15,ENSG00000103326
2161,CAPNS1,ENSG00000126247
2162,CAPNS2,ENSG00000256812
2163,CAPRIN1,ENSG00000135387
2164,CAPRIN2,ENSG00000110888
2165,CAPS,ENSG00000105519
2166,CAPS2,ENSG00000180881
2167,CAPSL,ENSG00000152611
2168,CAPZA1,ENSG00000116489
2169,CAPZA2,ENSG00000198898
2170,CAPZA3,ENSG00000177938
2171,CAPZB,ENSG00000077549
2172,CARD6,ENSG00000132357
2173,CARD8,ENSG00000105483
2174,CARD9,ENSG00000187796
2175,CARD10,ENSG00000100065
2176,CARD11,ENSG00000198286
2177,CARD14,ENSG00000141527
2178,CARD16,ENSG00000204397
2179,CARD18,ENSG00000255501
2180,CARD19,ENSG00000165233
2181,CARF,ENSG00000138380
2182,CARHSP1,ENSG00000153048
2183,CARM1,ENSG00000142453
2184,CARMIL1,ENSG00000079691
2185,CARMIL2,ENSG00000159753
2186,CARMIL3,ENSG00000186648
2187,CARNMT1,ENSG00000156017
2188,CARNS1,ENSG00000172508
2189,CARS1,ENSG00000110619
2190,CARS2,ENSG00000134905
2191,CARTPT,ENSG00000164326
2192,CASC3,ENSG00000108349
2193,CASD1,ENSG00000127995
2194,CASK,ENSG00000147044
2195,CASKIN1,ENSG00000167971
2196,CASKIN2,ENSG00000177303
2197,CASP1,ENSG00000137752
2198,CASP2,ENSG00000106144
2199,CASP3,ENSG00000164305
2200,CASP4,ENSG00000196954
2201,CASP5,ENSG00000137757
2202,CASP6,ENSG00000138794
2203,CASP7,ENSG00000165806
2204,CASP8,ENSG00000064012
2205,CASP8AP2,ENSG00000118412
2206,CASP9,ENSG00000132906
2207,CASP10,ENSG00000003400
2208,CASP12,ENSG00000204403
2209,CASP14,ENSG00000105141
2210,CASQ1,ENSG00000143318
2211,CASQ2,ENSG00000118729
2212,CASR,ENSG00000036828
2213,CASS4,ENSG00000087589
2214,CAST,ENSG00000153113
2215,CASTOR1,ENSG00000239282
2216,CASTOR2,ENSG00000274070
2217,CASZ1,ENSG00000130940
2218,CAT,ENSG00000121691
2219,CATIP,ENSG00000158428
2220,CATSPER1,ENSG00000175294
2221,CATSPER2,ENSG00000166762
2222,CATSPER3,ENSG00000152705
2223,CATSPER4,ENSG00000188782
2224,CATSPERB,ENSG00000133962
2225,CATSPERD,ENSG00000174898
2226,CATSPERE,ENSG00000179397
2227,CATSPERG,ENSG00000099338
2228,CATSPERZ,ENSG00000219435
2229,CAV1,ENSG00000105974
2230,CAV2,ENSG00000105971
2231,CAV3,ENSG00000182533
2232,CAVIN1,ENSG00000177469
2233,CAVIN2,ENSG00000168497
2234,CAVIN3,ENSG00000170955
2235,CAVIN4,ENSG00000170681
2236,CBARP,ENSG00000099625
2237,CBFA2T2,ENSG00000078699
2238,CBFA2T3,ENSG00000129993
2239,CBFB,ENSG00000067955
2240,CBL,ENSG00000110395
2241,CBLB,ENSG00000114423
2242,CBLC,ENSG00000142273
2243,CBLIF,ENSG00000134812
2244,CBLL1,ENSG00000105879
2245,CBLL2,ENSG00000175809
2246,CBLN1,ENSG00000102924
2247,CBLN2,ENSG00000141668
2248,CBLN3,ENSG00000139899
2249,CBLN4,ENSG00000054803
2250,CBR1,ENSG00000159228
2251,CBR3,ENSG00000159231
2252,CBR4,ENSG00000145439
2253,CBS,ENSG00000160200
2254,CBX1,ENSG00000108468
2255,CBX2,ENSG00000173894
2256,CBX3,ENSG00000122565
2257,CBX4,ENSG00000141582
2258,CBX5,ENSG00000094916
2259,CBX6,ENSG00000183741
2260,CBX7,ENSG00000100307
2261,CBX8,ENSG00000141570
2262,CBY1,ENSG00000100211
2263,CBY2,ENSG00000174015
2264,CBY3,ENSG00000204659
2265,CC2D1A,ENSG00000132024
2266,CC2D1B,ENSG00000154222
2267,CC2D2A,ENSG00000048342
2268,CC2D2B,ENSG00000188649
2269,CCAR1,ENSG00000060339
2270,CCAR2,ENSG00000158941
2271,CCBE1,ENSG00000183287
2272,CCDC3,ENSG00000151468
2273,CCDC6,ENSG00000108091
2274,CCDC7,ENSG00000216937
2275,CCDC8,ENSG00000169515
2276,CCDC9,ENSG00000105321
2277,CCDC9B,ENSG00000188549
2278,CCDC12,ENSG00000160799
2279,CCDC13,ENSG00000244607
2280,CCDC14,ENSG00000175455
2281,CCDC15,ENSG00000149548
2282,CCDC17,ENSG00000159588
2283,CCDC18,ENSG00000122483
2284,CCDC22,ENSG00000101997
2285,CCDC24,ENSG00000159214
2286,CCDC25,ENSG00000147419
2287,CCDC27,ENSG00000162592
2288,CCDC28A,ENSG00000024862
2289,CCDC28B,ENSG00000160050
2290,CCDC30,ENSG00000186409
2291,CCDC32,ENSG00000128891
2292,CCDC33,ENSG00000140481
2293,CCDC34,ENSG00000109881
2294,CCDC38,ENSG00000165972
2295,CCDC39,ENSG00000284862
2296,CCDC40,ENSG00000141519
2297,CCDC42,ENSG00000161973
2298,CCDC43,ENSG00000180329
2299,CCDC47,ENSG00000108588
2300,CCDC50,ENSG00000152492
2301,CCDC51,ENSG00000164051
2302,CCDC54,ENSG00000138483
2303,CCDC57,ENSG00000176155
2304,CCDC59,ENSG00000133773
2305,CCDC60,ENSG00000183273
2306,CCDC61,ENSG00000104983
2307,CCDC62,ENSG00000130783
2308,CCDC63,ENSG00000173093
2309,CCDC65,ENSG00000139537
2310,CCDC66,ENSG00000180376
2311,CCDC68,ENSG00000166510
2312,CCDC69,ENSG00000198624
2313,CCDC70,ENSG00000123171
2314,CCDC71,ENSG00000177352
2315,CCDC71L,ENSG00000253276
2316,CCDC73,ENSG00000186714
2317,CCDC74A,ENSG00000163040
2318,CCDC74B,ENSG00000152076
2319,CCDC77,ENSG00000120647
2320,CCDC78,ENSG00000162004
2321,CCDC80,ENSG00000091986
2322,CCDC81,ENSG00000149201
2323,CCDC82,ENSG00000149231
2324,CCDC83,ENSG00000150676
2325,CCDC85A,ENSG00000055813
2326,CCDC85B,ENSG00000175602
2327,CCDC85C,ENSG00000205476
2328,CCDC86,ENSG00000110104
2329,CCDC87,ENSG00000182791
2330,CCDC88A,ENSG00000115355
2331,CCDC88B,ENSG00000168071
2332,CCDC88C,ENSG00000015133
2333,CCDC89,ENSG00000179071
2334,CCDC90B,ENSG00000137500
2335,CCDC91,ENSG00000123106
2336,CCDC92,ENSG00000119242
2337,CCDC93,ENSG00000125633
2338,CCDC96,ENSG00000173013
2339,CCDC97,ENSG00000142039
2340,CCDC102A,ENSG00000135736
2341,CCDC102B,ENSG00000150636
2342,CCDC103,ENSG00000167131
2343,CCDC105,ENSG00000160994
2344,CCDC106,ENSG00000173581
2345,CCDC107,ENSG00000159884
2346,CCDC110,ENSG00000168491
2347,CCDC112,ENSG00000164221
2348,CCDC113,ENSG00000103021
2349,CCDC115,ENSG00000136710
2350,CCDC116,ENSG00000161180
2351,CCDC117,ENSG00000159873
2352,CCDC120,ENSG00000147144
2353,CCDC121,ENSG00000176714
2354,CCDC122,ENSG00000151773
2355,CCDC124,ENSG00000007080
2356,CCDC125,ENSG00000183323
2357,CCDC126,ENSG00000169193
2358,CCDC127,ENSG00000164366
2359,CCDC134,ENSG00000100147
2360,CCDC136,ENSG00000128596
2361,CCDC137,ENSG00000185298
2362,CCDC138,ENSG00000163006
2363,CCDC141,ENSG00000163492
2364,CCDC142,ENSG00000135637
2365,CCDC144A,ENSG00000170160
2366,CCDC146,ENSG00000135205
2367,CCDC148,ENSG00000153237
2368,CCDC149,ENSG00000181982
2369,CCDC150,ENSG00000144395
2370,CCDC152,ENSG00000198865
2371,CCDC153,ENSG00000248712
2372,CCDC154,ENSG00000197599
2373,CCDC157,ENSG00000187860
2374,CCDC158,ENSG00000163749
2375,CCDC159,ENSG00000183401
2376,CCDC160,ENSG00000203952
2377,CCDC163,ENSG00000280670
2378,CCDC166,ENSG00000255181
2379,CCDC167,ENSG00000198937
2380,CCDC168,ENSG00000175820
2381,CCDC169,ENSG00000242715
2382,CCDC170,ENSG00000120262
2383,CCDC171,ENSG00000164989
2384,CCDC172,ENSG00000182645
2385,CCDC174,ENSG00000154781
2386,CCDC175,ENSG00000151838
2387,CCDC177,ENSG00000267909
2388,CCDC178,ENSG00000166960
2389,CCDC179,ENSG00000255359
2390,CCDC180,ENSG00000197816
2391,CCDC181,ENSG00000117477
2392,CCDC182,ENSG00000166329
2393,CCDC183,ENSG00000213213
2394,CCDC184,ENSG00000177875
2395,CCDC185,ENSG00000178395
2396,CCDC186,ENSG00000165813
2397,CCDC187,ENSG00000260220
2398,CCDC188,ENSG00000234409
2399,CCDC190,ENSG00000185860
2400,CCDC191,ENSG00000163617
2401,CCDC192,ENSG00000230561
2402,CCDC194,ENSG00000269720
2403,CCDC195,ENSG00000283428
2404,CCDC196,ENSG00000196553
